Timestamp,R_A,R_B,Delta_H_km,GM,Error_Pct,Term_Time,Term_Kinetic,Term_Potential
1490270430,31253982.80375155,27477502.26820351,3776.481,3.81348e14,4.3282,-3.43020e6,1.75322e6,-4.39749e-9
1490270460,31242684.943513725,27458993.272823554,3783.692,3.64952e14,8.4417,-3.36800e6,1.75839e6,-4.41045e-9
1490270490,31231340.096907258,27440480.60681235,3790.859,3.65004e14,8.4285,-3.37811e6,1.76356e6,-4.42339e-9
1490270520,31219948.34628822,27421964.584029306,3797.984,3.67839e14,7.7175,-3.40056e6,1.76871e6,-4.43631e-9
1490270550,31208509.77457095,27403445.519673467,3805.064,3.72767e14,6.4810,-3.43238e6,1.77386e6,-4.44922e-9
1490270580,31197024.46523078,27384923.730284203,3812.101,3.72403e14,6.5723,-3.44070e6,1.77900e6,-4.46210e-9
1490270610,31185492.502306536,27366399.533741843,3819.093,3.65293e14,8.3560,-3.41880e6,1.78413e6,-4.47497e-9
1490270640,31173913.97040331,27347873.249268103,3826.041,3.86254e14,3.0974,-3.52269e6,1.78925e6,-4.48781e-9
1490270670,31162288.95469501,27329345.197426558,3832.944,3.95593e14,0.7545,-3.57478e6,1.79436e6,-4.50064e-9
1490270700,31150617.54092713,27310815.700122893,3839.802,3.87678e14,2.7403,-3.54923e6,1.79947e6,-4.51344e-9
1490270730,31138899.815421168,27292285.08057113,3846.615,3.66745e14,7.9918,-3.46453e6,1.80457e6,-4.52622e-9
1490270760,31127135.865072023,27273753.66339857,3853.382,3.78739e14,4.9827,-3.52874e6,1.80965e6,-4.53898e-9
1490270790,31115325.777355902,27255221.774540763,3860.104,3.87198e14,2.8606,-3.57715e6,1.81473e6,-4.55171e-9
1490270820,31103469.640331447,27236689.74127511,3866.780,3.79572e14,4.7739,-3.55233e6,1.81980e6,-4.56443e-9
1490270850,31091567.542642456,27218157.892220415,3873.410,3.88809e14,2.4564,-3.60449e6,1.82487e6,-4.57712e-9
1490270880,31079619.57352065,27199626.557336334,3879.993,4.08080e14,2.3781,-3.70292e6,1.82992e6,-4.58978e-9
1490270910,31067625.82278855,27181096.06792272,3886.530,3.80016e14,4.6623,-3.58396e6,1.83496e6,-4.60243e-9
1490270940,31055586.380862154,27162566.75661882,3893.020,3.66459e14,8.0635,-3.53122e6,1.83999e6,-4.61505e-9
1490270970,31043501.338753812,27144038.95740255,3899.462,3.77094e14,5.3954,-3.59007e6,1.84501e6,-4.62764e-9
1490271000,31031370.788075037,27125513.005589437,3905.858,3.64154e14,8.6417,-3.53978e6,1.85003e6,-4.64021e-9
1490271030,31019194.82103194,27106989.237869482,3912.206,3.71981e14,6.6781,-3.58577e6,1.85503e6,-4.65275e-9
1490271060,31006973.53045077,27088467.992189642,3918.506,3.82374e14,4.0709,-3.64390e6,1.86002e6,-4.66527e-9
1490271090,30994707.009758115,27069949.607869197,3924.757,3.86799e14,2.9606,-3.67436e6,1.86500e6,-4.67776e-9
1490271120,30982395.352991015,27051434.425561085,3930.961,3.99064e14,0.1162,-3.74167e6,1.86997e6,-4.69022e-9
1490271150,30970038.654799774,27032922.787250858,3937.116,4.02281e14,0.9234,-3.76673e6,1.87493e6,-4.70266e-9
1490271180,30957637.01045078,27014415.036255453,3943.222,3.89994e14,2.1591,-3.71873e6,1.87988e6,-4.71507e-9
1490271210,30945190.51582939,26995911.517222025,3949.279,3.84742e14,3.4767,-3.70367e6,1.88482e6,-4.72745e-9
1490271240,30932699.267442785,26977412.57612652,3955.287,4.05828e14,1.8131,-3.81329e6,1.88975e6,-4.73980e-9
1490271270,30920163.3624228,26958918.56027224,3961.245,4.05684e14,1.7771,-3.82252e6,1.89466e6,-4.75212e-9
1490271300,30907582.898528885,26940429.81828819,3967.153,3.95487e14,0.7811,-3.78383e6,1.89956e6,-4.76441e-9
1490271330,30894957.974161226,26921946.700096995,3973.011,4.09176e14,2.6531,-3.85895e6,1.90445e6,-4.77668e-9
1490271360,30882288.688332107,26903469.557006847,3978.819,3.94755e14,0.9647,-3.79978e6,1.90933e6,-4.78891e-9
1490271390,30869575.140700553,26884998.741615616,3984.576,3.77482e14,5.2981,-3.72653e6,1.91420e6,-4.80111e-9
1490271420,30856817.43156504,26866534.607838932,3990.283,3.95077e14,0.8840,-3.82067e6,1.91905e6,-4.81328e-9
1490271450,30844015.66186664,26848077.510907643,3995.938,4.02410e14,0.9558,-3.86569e6,1.92389e6,-4.82541e-9
1490271480,30831169.9331921,26829627.80736525,4001.542,3.98513e14,0.0219,-3.85653e6,1.92872e6,-4.83752e-9
1490271510,30818280.34777695,26811185.85506515,4007.094,3.79800e14,4.7166,-3.77541e6,1.93353e6,-4.84959e-9
1490271540,30805347.00850859,26792752.01316779,4012.595,3.73319e14,6.3424,-3.75328e6,1.93833e6,-4.86163e-9
1490271570,30792370.018929455,26774326.642137576,4018.043,3.88911e14,2.4309,-3.83853e6,1.94312e6,-4.87363e-9
1490271600,30779349.483240165,26755910.10373978,4023.439,3.86573e14,3.0175,-3.83654e6,1.94790e6,-4.88560e-9
1490271630,30766285.506293923,26737502.761050556,4028.783,3.82939e14,3.9290,-3.82812e6,1.95266e6,-4.89754e-9
1490271660,30753178.193626713,26719104.978412643,4034.073,3.79852e14,4.7037,-3.82226e6,1.95740e6,-4.90944e-9
1490271690,30740027.651433352,26700717.121472612,4039.311,3.79305e14,4.8408,-3.82881e6,1.96213e6,-4.92130e-9
1490271720,30726833.986579455,26682339.55716418,4044.494,3.82793e14,3.9657,-3.85522e6,1.96685e6,-4.93313e-9
1490271750,30713597.306604527,26663972.653704476,4049.625,3.97249e14,0.3392,-3.93591e6,1.97155e6,-4.94492e-9
1490271780,30700317.71972511,26645616.780590232,4054.701,3.85736e14,3.2273,-3.88821e6,1.97624e6,-4.95667e-9
1490271810,30686995.33483804,26627272.308593962,4059.723,3.81131e14,4.3826,-3.87452e6,1.98091e6,-4.96839e-9
1490271840,30673630.261523537,26608939.60975973,4064.691,4.03288e14,1.1759,-3.99396e6,1.98557e6,-4.98006e-9
1490271870,30660222.610048383,26590619.057399116,4069.604,3.87476e14,2.7908,-3.92437e6,1.99021e6,-4.99170e-9
1490271900,30646772.49136923,26572311.026086792,4074.461,3.75483e14,5.7996,-3.87349e6,1.99483e6,-5.00330e-9
1490271930,30633280.01714217,26554015.891662896,4079.264,3.83430e14,3.8060,-3.92228e6,1.99944e6,-5.01485e-9
1490271960,30619745.29970612,26535734.03120747,4084.011,3.87156e14,2.8712,-3.95002e6,2.00403e6,-5.02637e-9
1490271990,30606168.452106047,26517465.82305697,4088.703,3.88965e14,2.4174,-3.96815e6,2.00861e6,-5.03784e-9
1490272020,30592549.588089813,26499211.646792423,4093.338,3.90694e14,1.9836,-3.98589e6,2.01317e6,-5.04927e-9
1490272050,30578888.8221115,26480971.883234583,4097.917,3.90711e14,1.9794,-3.99497e6,2.01771e6,-5.06066e-9
1490272080,30565186.26933473,26462746.914438725,4102.439,3.79369e14,4.8248,-3.94640e6,2.02223e6,-5.07201e-9
1490272110,30551442.04563603,26444537.123689365,4106.905,3.90723e14,1.9763,-4.01291e6,2.02674e6,-5.08331e-9
1490272140,30537656.26760824,26426342.89549485,4111.313,4.05099e14,1.6304,-4.09504e6,2.03123e6,-5.09457e-9
1490272170,30523829.052563805,26408164.61558164,4115.664,3.75150e14,5.8831,-3.95114e6,2.03570e6,-5.10579e-9
1490272200,30509960.518538225,26390002.670888636,4119.958,3.57709e14,10.2586,-3.87054e6,2.04016e6,-5.11696e-9
1490272230,30496050.78428677,26371857.44953836,4124.193,3.69578e14,7.2811,-3.93982e6,2.04459e6,-5.12808e-9
1490272260,30482099.96930846,26353729.34090115,4128.371,3.78713e14,4.9893,-3.99528e6,2.04901e6,-5.13915e-9
1490272290,30468108.193828877,26335618.7355182,4132.489,3.87102e14,2.8847,-4.04706e6,2.05341e6,-5.15018e-9
1490272320,30454075.57881013,26317526.025117796,4136.550,3.88124e14,2.6284,-4.06096e6,2.05779e6,-5.16117e-9
1490272350,30440002.24595436,26299451.60260856,4140.551,3.91916e14,1.6771,-4.08917e6,2.06215e6,-5.17210e-9
1490272380,30425888.317707077,26281395.862072345,4144.492,3.96140e14,0.6173,-4.11967e6,2.06649e6,-5.18298e-9
1490272410,30411733.917260602,26263359.19875723,4148.375,3.93903e14,1.1784,-4.11667e6,2.07081e6,-5.19382e-9
1490272440,30397539.168557536,26245342.009070083,4152.197,3.87094e14,2.8867,-4.08978e6,2.07511e6,-5.20460e-9
1490272470,30383304.19629415,26227344.69056913,4155.960,3.92970e14,1.4125,-4.12886e6,2.07939e6,-5.21533e-9
1490272500,30369029.1259239,26209367.641956367,4159.661,3.82115e14,4.1359,-4.08058e6,2.08365e6,-5.22601e-9
1490272530,30354714.083669983,26191411.263099857,4163.303,3.73397e14,6.3230,-4.04323e6,2.08789e6,-5.23664e-9
1490272560,30340359.196500823,26173475.954932712,4166.883,3.83918e14,3.6835,-4.10661e6,2.09210e6,-5.24722e-9
1490272590,30325964.59216168,26155562.119538512,4170.402,3.88767e14,2.4669,-4.14034e6,2.09630e6,-5.25774e-9
1490272620,30311530.399169143,26137670.160112944,4173.860,3.85513e14,3.2832,-4.13144e6,2.10048e6,-5.26821e-9
1490272650,30297056.74681476,26119800.48095553,4177.256,3.87922e14,2.6789,-4.15232e6,2.10463e6,-5.27863e-9
1490272680,30282543.765168667,26101953.487461355,4180.590,3.94009e14,1.1520,-4.19266e6,2.10876e6,-5.28898e-9
1490272710,30267991.58508323,26084129.586112376,4183.862,3.86088e14,3.1390,-4.15886e6,2.11287e6,-5.29929e-9
1490272740,30253400.33819671,26066329.184468813,4187.071,3.97639e14,0.2411,-4.22823e6,2.11695e6,-5.30953e-9
1490272770,30238770.15693689,26048552.691160083,4190.217,4.03652e14,1.2674,-4.26833e6,2.12101e6,-5.31972e-9
1490272800,30224101.174524788,26030800.515875746,4193.301,3.89767e14,2.2162,-4.20245e6,2.12505e6,-5.32985e-9
1490272830,30209393.524965283,26013073.069330722,4196.320,3.86133e14,3.1278,-4.19099e6,2.12907e6,-5.33992e-9
1490272860,30194647.343090963,25995370.7633343,4199.277,3.98000e14,0.1507,-4.26234e6,2.13306e6,-5.34993e-9
1490272890,30179862.76452562,25977694.01070155,4202.169,4.00711e14,0.5295,-4.28480e6,2.13703e6,-5.35989e-9
1490272920,30165039.925700862,25960043.22526868,4204.997,4.07870e14,2.3256,-4.33115e6,2.14097e6,-5.36978e-9
1490272950,30150178.963859707,25942418.821882766,4207.760,4.03537e14,1.2385,-4.31577e6,2.14489e6,-5.37961e-9
1490272980,30135280.017060217,25924821.216391236,4210.459,4.03444e14,1.2152,-4.32310e6,2.14879e6,-5.38938e-9
1490273010,30120343.224179137,25907250.82563107,4213.092,4.02406e14,0.9547,-4.32528e6,2.15266e6,-5.39908e-9
1490273040,30105368.72491556,25889708.067417923,4215.661,3.84173e14,3.6195,-4.23439e6,2.15650e6,-5.40872e-9
1490273070,30090356.659794573,25872193.360534947,4218.163,3.95461e14,0.7877,-4.30304e6,2.16032e6,-5.41830e-9
1490273100,30075307.170170892,25854707.124721434,4220.600,3.97276e14,0.3322,-4.32045e6,2.16411e6,-5.42781e-9
1490273130,30060220.398252893,25837249.78067169,4222.971,3.92113e14,1.6275,-4.29990e6,2.16788e6,-5.43725e-9
1490273160,30045096.48704395,25819821.749991193,4225.275,3.93172e14,1.3619,-4.31308e6,2.17162e6,-5.44663e-9
1490273190,30029935.580408555,25802423.455217052,4227.512,3.82792e14,3.9660,-4.26382e6,2.17533e6,-5.45594e-9
1490273220,30014737.823056005,25785055.319795292,4229.683,3.89843e14,2.1970,-4.30958e6,2.17902e6,-5.46519e-9
1490273250,29999503.36054434,25767717.76806882,4231.786,4.00849e14,0.5642,-4.37707e6,2.18267e6,-5.47436e-9
1490273280,29984232.339284245,25750411.225264788,4233.821,3.88359e14,2.5694,-4.31586e6,2.18631e6,-5.48347e-9
1490273310,29968924.906543035,25733136.117482133,4235.789,3.88196e14,2.6104,-4.32207e6,2.18991e6,-5.49250e-9
1490273340,29953581.210448455,25715892.871678565,4237.688,3.90554e14,2.0187,-4.34210e6,2.19348e6,-5.50147e-9
1490273370,29938201.399992764,25698681.91565765,4239.519,4.01791e14,0.8005,-4.41104e6,2.19703e6,-5.51036e-9
1490273400,29922785.625036538,25681503.678055532,4241.282,4.00348e14,0.4384,-4.41013e6,2.20054e6,-5.51918e-9
1490273430,29907334.036282875,25664358.588334188,4242.975,3.89497e14,2.2837,-4.35714e6,2.20403e6,-5.52793e-9
1490273460,29891846.785373054,25647247.076747224,4244.600,3.95218e14,0.8487,-4.39565e6,2.20749e6,-5.53660e-9
1490273490,29876324.024798673,25630169.574346494,4246.154,3.96428e14,0.5451,-4.40918e6,2.21092e6,-5.54520e-9
1490273520,29860765.907934926,25613126.51296151,4247.639,3.94831e14,0.9456,-4.40710e6,2.21431e6,-5.55372e-9
1490273550,29845172.58904436,25596118.325185206,4249.054,3.94964e14,0.9123,-4.41453e6,2.21768e6,-5.56217e-9
1490273580,29829544.223280586,25579145.444359496,4250.399,3.97801e14,0.2006,-4.43698e6,2.22102e6,-5.57054e-9
1490273610,29813880.966691997,25562208.304560658,4251.673,3.93702e14,1.2289,-4.42072e6,2.22432e6,-5.57883e-9
1490273640,29798182.9762254,25545307.340584423,4252.876,3.90283e14,2.0867,-4.40812e6,2.22759e6,-5.58704e-9
1490273670,29782450.409729898,25528442.98793087,4254.007,3.92225e14,1.5994,-4.42540e6,2.23084e6,-5.59517e-9
1490273700,29766683.42596049,25511615.682789184,4255.068,4.02310e14,0.9308,-4.48828e6,2.23405e6,-5.60323e-9
1490273730,29750882.184617113,25494825.862006154,4256.056,4.01318e14,0.6817,-4.48910e6,2.23722e6,-5.61120e-9
1490273760,29735046.84624007,25478073.96311929,4256.973,3.89185e14,2.3621,-4.42723e6,2.24037e6,-5.61909e-9
1490273790,29719177.57232234,25461360.42429197,4257.817,3.85522e14,3.2810,-4.41277e6,2.24348e6,-5.62689e-9
1490273820,29703274.525278516,25444685.684312887,4258.589,3.96246e14,0.5906,-4.47925e6,2.24656e6,-5.63462e-9
1490273850,29687337.86844909,25428050.182579424,4259.288,3.97957e14,0.1615,-4.49498e6,2.24960e6,-5.64225e-9
1490273880,29671367.766104437,25411454.3590809,4259.913,3.84248e14,3.6006,-4.42354e6,2.25261e6,-5.64981e-9
1490273910,29655364.383449122,25394898.654381536,4260.466,3.87361e14,2.8198,-4.44700e6,2.25559e6,-5.65728e-9
1490273940,29639327.88662598,25378383.50960317,4260.944,3.98342e14,0.0649,-4.51500e6,2.25853e6,-5.66466e-9
1490273970,29623258.442720335,25361909.366407786,4261.349,3.94466e14,1.0372,-4.49883e6,2.26144e6,-5.67195e-9
1490274000,29607156.219764177,25345476.666979846,4261.680,3.86992e14,2.9123,-4.46210e6,2.26431e6,-5.67915e-9
1490274030,29591021.386711597,25329085.854026005,4261.936,3.92225e14,1.5994,-4.49744e6,2.26715e6,-5.68627e-9
1490274060,29574854.113531426,25312737.37070264,4262.117,3.89103e14,2.3828,-4.48522e6,2.26995e6,-5.69329e-9
1490274090,29558654.57112292,25296431.660651833,4262.223,3.84248e14,3.6007,-4.46301e6,2.27271e6,-5.70023e-9
1490274120,29542422.931348212,25280169.167965382,4262.254,3.98240e14,0.0905,-4.54822e6,2.27544e6,-5.70707e-9
1490274150,29526159.36703631,25263950.33716615,4262.209,4.03612e14,1.2574,-4.58429e6,2.27813e6,-5.71382e-9
1490274180,29509864.05198699,25247775.613189157,4262.088,3.85744e14,3.2255,-4.48742e6,2.28078e6,-5.72048e-9
1490274210,29493537.1609746,25231645.44136257,4261.892,3.82749e14,3.9768,-4.47541e6,2.28339e6,-5.72704e-9
1490274240,29477178.869752087,25215560.26738827,4261.619,3.99720e14,0.2810,-4.57777e6,2.28597e6,-5.73350e-9
1490274270,29460789.355054736,25199520.537322458,4261.269,4.02721e14,1.0338,-4.60008e6,2.28851e6,-5.73987e-9
1490274300,29444368.794604138,25183526.697555695,4260.842,3.96427e14,0.5453,-4.56893e6,2.29101e6,-5.74615e-9
1490274330,29427917.36712281,25167579.19477565,4260.338,3.94722e14,0.9730,-4.56404e6,2.29347e6,-5.75232e-9
1490274360,29411435.25230485,25151678.476000436,4259.757,3.83770e14,3.7205,-4.50579e6,2.29589e6,-5.75840e-9
1490274390,29394922.63085299,25135824.9885046,4259.098,3.84151e14,3.6251,-4.51266e6,2.29827e6,-5.76437e-9
1490274420,29378379.68447182,25120019.179815594,4258.361,3.93091e14,1.3821,-4.56885e6,2.30061e6,-5.77025e-9
1490274450,29361806.595871802,25104261.497692697,4257.545,3.93331e14,1.3219,-4.57480e6,2.30291e6,-5.77602e-9
1490274480,29345203.548773244,25088552.39010578,4256.651,3.95584e14,0.7568,-4.59232e6,2.30517e6,-5.78170e-9
1490274510,29328570.72791034,25072892.305213805,4255.678,3.91817e14,1.7019,-4.57494e6,2.30739e6,-5.78727e-9
1490274540,29311908.319035105,25057281.691343103,4254.627,3.85055e14,3.3983,-4.54008e6,2.30957e6,-5.79273e-9
1490274570,29295216.508921534,25041720.99696537,4253.496,3.77587e14,5.2719,-4.50098e6,2.31170e6,-5.79809e-9
1490274600,29278495.485369522,25026210.670675587,4252.285,3.79889e14,4.6944,-4.51842e6,2.31379e6,-5.80335e-9
1490274630,29261745.437218007,25010751.161188588,4250.994,3.88963e14,2.4178,-4.57513e6,2.31584e6,-5.80849e-9
1490274660,29244966.554321133,24995342.917258043,4249.624,4.01361e14,0.6926,-4.65118e6,2.31785e6,-5.81353e-9
1490274690,29228159.027580436,24979986.387711972,4248.173,3.95633e14,0.7446,-4.62179e6,2.31982e6,-5.81847e-9
1490274720,29211323.048939858,24964682.021411117,4246.641,3.97247e14,0.3397,-4.63502e6,2.32174e6,-5.82329e-9
1490274750,29194458.811389882,24949430.267225724,4245.029,4.05420e14,1.7108,-4.68640e6,2.32361e6,-5.82800e-9
1490274780,29177566.50897167,24934231.574012365,4243.335,3.91342e14,1.8210,-4.60799e6,2.32544e6,-5.83260e-9
1490274810,29160646.336781185,24919086.39059037,4241.560,3.86830e14,2.9530,-4.58519e6,2.32723e6,-5.83709e-9
1490274840,29143698.490973294,24903995.16571811,4239.703,3.87574e14,2.7663,-4.59297e6,2.32897e6,-5.84147e-9
1490274870,29126723.168765876,24888958.348069042,4237.765,3.89728e14,2.2258,-4.60891e6,2.33067e6,-5.84573e-9
1490274900,29109720.56844391,24873976.38620758,4235.744,3.97802e14,0.2003,-4.65941e6,2.33232e6,-5.84987e-9
1490274930,29092690.889343057,24859049.728545316,4233.641,3.92571e14,1.5126,-4.63200e6,2.33392e6,-5.85390e-9
1490274960,29075634.331916966,24844178.823376168,4231.456,3.86501e14,3.0354,-4.59954e6,2.33548e6,-5.85782e-9
1490274990,29058551.097677678,24829364.118791886,4229.187,3.87722e14,2.7291,-4.60967e6,2.33699e6,-5.86162e-9
1490275020,29041441.38922018,24814606.06267611,4226.835,3.82784e14,3.9680,-4.58360e6,2.33846e6,-5.86529e-9
1490275050,29024305.41022615,24799905.102679122,4224.400,3.81108e14,4.3884,-4.57654e6,2.33987e6,-5.86885e-9
1490275080,29007143.36546785,24785261.686192088,4221.882,3.80431e14,4.5582,-4.57524e6,2.34124e6,-5.87229e-9
1490275110,28989955.460811973,24770676.26032145,4219.279,3.85853e14,3.1980,-4.60968e6,2.34256e6,-5.87561e-9
1490275140,28972741.90322343,24756149.271862783,4216.593,3.95871e14,0.6848,-4.67108e6,2.34383e6,-5.87880e-9
1490275170,28955502.900769155,24741681.167274687,4213.822,3.89225e14,2.3522,-4.63442e6,2.34505e6,-5.88188e-9
1490275200,28938238.66262192,24727272.392652314,4210.966,3.86813e14,2.9572,-4.62255e6,2.34622e6,-5.88482e-9
1490275230,28920949.399086237,24712923.393720184,4208.026,3.97893e14,0.1774,-4.69000e6,2.34735e6,-5.88765e-9
1490275260,28903635.321534008,24698634.615745824,4205.001,3.99193e14,0.1486,-4.69980e6,2.34842e6,-5.89034e-9
1490275290,28886296.64247683,24684406.503572434,4201.890,3.96957e14,0.4122,-4.68868e6,2.34944e6,-5.89291e-9
1490275320,28868933.575547747,24670239.501572546,4198.694,4.00131e14,0.3840,-4.70933e6,2.35041e6,-5.89536e-9
1490275350,28851546.335505214,24656134.05362085,4195.412,4.05962e14,1.8468,-4.74556e6,2.35133e6,-5.89767e-9
1490275380,28834135.13823707,24642090.603066854,4192.045,3.98736e14,0.0339,-4.70468e6,2.35220e6,-5.89986e-9
1490275410,28816700.20076452,24628109.592707276,4188.591,3.94207e14,1.1021,-4.67959e6,2.35301e6,-5.90191e-9
1490275440,28799241.741246004,24614191.464758314,4185.050,3.88340e14,2.5741,-4.64647e6,2.35377e6,-5.90383e-9
1490275470,28781759.978981167,24600336.660827734,4181.423,3.85053e14,3.3987,-4.62846e6,2.35448e6,-5.90562e-9
1490275500,28764255.134414755,24586545.6218867,4177.710,3.99807e14,0.3027,-4.71691e6,2.35514e6,-5.90728e-9
1490275530,28746727.429118566,24572818.78822269,4173.909,3.96346e14,0.5655,-4.69768e6,2.35574e6,-5.90880e-9
1490275560,28729177.085862964,24559156.59946916,4170.020,3.94094e14,1.1306,-4.68546e6,2.35629e6,-5.91019e-9
1490275590,28711604.328552816,24545559.4945186,4166.045,4.06992e14,2.1053,-4.76270e6,2.35679e6,-5.91144e-9
1490275620,28694009.38225312,24532027.911512412,4161.981,4.02684e14,1.0244,-4.73812e6,2.35723e6,-5.91256e-9
1490275650,28676392.473192688,24518562.28781184,4157.830,3.93688e14,1.2324,-4.68570e6,2.35761e6,-5.91354e-9
1490275680,28658753.82876769,24505163.059968617,4153.591,4.01186e14,0.6486,-4.73071e6,2.35794e6,-5.91437e-9
1490275710,28641093.677545346,24491830.663695518,4149.263,3.94903e14,0.9276,-4.69410e6,2.35822e6,-5.91507e-9
1490275740,28623412.249267414,24478565.53383678,4144.847,3.85800e14,3.2113,-4.64069e6,2.35844e6,-5.91563e-9
1490275770,28605709.77485382,24465368.10433833,4140.342,3.94266e14,1.0875,-4.69109e6,2.35860e6,-5.91605e-9
1490275800,28587986.486406215,24452238.808217846,4135.748,4.02712e14,1.0316,-4.74128e6,2.35870e6,-5.91632e-9
1490275830,28570242.61724048,24439178.077554807,4131.065,3.96796e14,0.4527,-4.70638e6,2.35875e6,-5.91645e-9
1490275860,28552478.401800945,24426186.343398444,4126.292,3.87165e14,2.8688,-4.64938e6,2.35874e6,-5.91644e-9
1490275890,28534694.07575345,24413264.035799477,4121.430,3.91044e14,1.8957,-4.67220e6,2.35867e6,-5.91628e-9
1490275920,28516889.875960093,24400411.583759673,4116.478,3.91290e14,1.8341,-4.67341e6,2.35855e6,-5.91598e-9
1490275950,28499066.040482942,24387629.415201474,4111.437,3.97823e14,0.1951,-4.71169e6,2.35836e6,-5.91553e-9
1490275980,28481222.808587726,24374917.956937402,4106.305,4.00183e14,0.3971,-4.72517e6,2.35812e6,-5.91493e-9
1490276010,28463360.42074746,24362277.634639423,4101.083,3.88812e14,2.4557,-4.65732e6,2.35782e6,-5.91418e-9
1490276040,28445479.118646108,24349708.872808076,4095.770,3.88426e14,2.5525,-4.65432e6,2.35745e6,-5.91328e-9
1490276070,28427579.145182136,24337212.094741613,4090.367,3.90981e14,1.9115,-4.66860e6,2.35703e6,-5.91223e-9
1490276100,28409660.744472045,24324787.72250486,4084.873,4.08048e14,2.3701,-4.76853e6,2.35655e6,-5.91103e-9
1490276130,28391724.16181032,24312436.17687841,4079.288,4.10119e14,2.8897,-4.77967e6,2.35600e6,-5.90968e-9
1490276160,28373769.64380717,24300157.877388105,4073.612,3.94679e14,0.9837,-4.68723e6,2.35540e6,-5.90818e-9
1490276190,28355797.438257396,24287953.242212616,4067.844,3.96787e14,0.4551,-4.69836e6,2.35473e6,-5.90652e-9
1490276220,28337807.794186953,24275822.68817156,4061.985,3.90412e14,2.0543,-4.65927e6,2.35400e6,-5.90470e-9
1490276250,28319800.96185592,24263766.63069373,4056.034,3.95214e14,0.8496,-4.68605e6,2.35321e6,-5.90273e-9
1490276280,28301777.19276148,24251785.483785152,4049.992,4.04370e14,1.4475,-4.73838e6,2.35236e6,-5.90061e-9
1490276310,28283736.739640895,24239879.65999725,4043.857,3.99027e14,0.1071,-4.70503e6,2.35144e6,-5.89832e-9
1490276340,28265679.85647432,24228049.57039472,4037.630,4.01574e14,0.7461,-4.71809e6,2.35046e6,-5.89588e-9
1490276370,28247606.79848782,24216295.624523412,4031.311,4.02509e14,0.9806,-4.72152e6,2.34942e6,-5.89328e-9
1490276400,28229517.82215609,24204618.23037816,4024.900,3.95051e14,0.8905,-4.67536e6,2.34831e6,-5.89052e-9
1490276430,28211413.185261052,24193017.79438532,4018.395,3.97602e14,0.2504,-4.68806e6,2.34714e6,-5.88759e-9
1490276460,28193293.146723222,24181494.721324757,4011.798,3.92736e14,1.4713,-4.65696e6,2.34590e6,-5.88451e-9
1490276490,28175157.966776364,24170049.414343365,4005.109,3.97680e14,0.2309,-4.68346e6,2.34460e6,-5.88126e-9
1490276520,28157007.906915102,24158682.274907794,3998.326,3.95036e14,0.8944,-4.66520e6,2.34324e6,-5.87785e-9
1490276550,28138843.229898166,24147393.702772226,3991.450,3.86235e14,3.1023,-4.61065e6,2.34180e6,-5.87427e-9
1490276580,28120664.199751567,24136184.09594593,3984.480,3.89096e14,2.3844,-4.62451e6,2.34031e6,-5.87053e-9
1490276610,28102471.08177181,24125053.850660842,3977.417,3.91121e14,1.8764,-4.63330e6,2.33874e6,-5.86663e-9
1490276640,28084264.142528974,24114003.36133913,3970.261,3.89740e14,2.2228,-4.62198e6,2.33711e6,-5.86255e-9
1490276670,28066043.64986977,24103033.02056065,3963.011,3.83622e14,3.7578,-4.58279e6,2.33542e6,-5.85831e-9
1490276700,28047809.87292059,24092143.219030574,3955.667,3.95930e14,0.6699,-4.65139e6,2.33365e6,-5.85390e-9
1490276730,28029563.082035787,24081334.345545508,3948.229,4.07363e14,2.1984,-4.71462e6,2.33182e6,-5.84932e-9
1490276760,28011303.54896912,24070606.786964774,3940.697,3.96603e14,0.5012,-4.64789e6,2.32992e6,-5.84457e-9
1490276790,27993031.54670763,24059960.928174086,3933.071,3.89943e14,2.1719,-4.60508e6,2.32795e6,-5.83965e-9
1490276820,27974747.349528626,24049397.152054112,3925.350,3.92887e14,1.4333,-4.61824e6,2.32591e6,-5.83456e-9
1490276850,27956451.233001973,24038915.83944798,3917.535,3.94808e14,0.9514,-4.62526e6,2.32381e6,-5.82929e-9
1490276880,27938143.473992296,24028517.369128577,3909.626,4.07764e14,2.2990,-4.69639e6,2.32163e6,-5.82386e-9
1490276910,27919824.350661155,24018202.117766105,3901.622,4.00883e14,0.5726,-4.65182e6,2.31939e6,-5.81825e-9
1490276940,27901494.14246906,24007970.459895354,3893.524,3.91148e14,1.8697,-4.59061e6,2.31708e6,-5.81246e-9
1490276970,27883153.13017759,23997822.767883204,3885.330,3.92769e14,1.4629,-4.59531e6,2.31469e6,-5.80650e-9
1490277000,27864801.595851272,23987759.41189601,3877.042,3.98472e14,0.0321,-4.62352e6,2.31224e6,-5.80036e-9
1490277030,27846439.822901465,23977780.75985041,3868.659,3.95253e14,0.8398,-4.59983e6,2.30971e6,-5.79404e-9
1490277060,27828068.095959164,23967887.17743221,3860.181,3.90235e14,2.0986,-4.56562e6,2.30712e6,-5.78755e-9
1490277090,27809686.701006304,23958079.028012417,3851.608,3.96669e14,0.4845,-4.59755e6,2.30445e6,-5.78088e-9
1490277120,27791295.925335925,23948356.67263127,3842.939,3.99925e14,0.3322,-4.61089e6,2.30171e6,-5.77403e-9
1490277150,27772896.05755426,23938720.4699658,3834.176,3.94154e14,1.1154,-4.57199e6,2.29890e6,-5.76700e-9
1490277180,27754487.387582872,23929170.7762973,3825.317,3.90195e14,2.1087,-4.54346e6,2.29602e6,-5.75979e-9
1490277210,27736070.206660576,23919707.945479058,3816.362,3.94837e14,0.9441,-4.56433e6,2.29307e6,-5.75240e-9
1490277240,27717644.807345413,23910332.32890393,3807.312,3.94482e14,1.0331,-4.55627e6,2.29004e6,-5.74482e-9
1490277270,27699211.48351652,23901044.275472216,3798.167,3.90941e14,1.9215,-4.52979e6,2.28694e6,-5.73707e-9
1490277300,27680770.530375965,23891844.131559476,3788.926,3.90922e14,1.9263,-4.52341e6,2.28377e6,-5.72913e-9
1490277330,27662322.244421154,23882732.241014518,3779.590,3.86462e14,3.0452,-4.49147e6,2.28052e6,-5.72100e-9
1490277360,27643866.92353706,23873708.945035152,3770.158,3.94468e14,1.0368,-4.53067e6,2.27720e6,-5.71269e-9
1490277390,27625404.866907056,23864774.58222892,3760.630,3.97576e14,0.2571,-4.54166e6,2.27381e6,-5.70420e-9
1490277420,27606936.375043646,23855929.48855178,3751.007,3.92640e14,1.4954,-4.50662e6,2.27034e6,-5.69552e-9
1490277450,27588461.749789707,23847173.997276723,3741.288,3.93049e14,1.3928,-4.50193e6,2.26679e6,-5.68665e-9
1490277480,27569981.29431964,23838508.43896257,3731.473,3.93660e14,1.2395,-4.49822e6,2.26318e6,-5.67760e-9
1490277510,27551495.313140582,23829933.141422946,3721.562,4.01696e14,0.7765,-4.53644e6,2.25949e6,-5.66836e-9
1490277540,27533004.11209332,23821448.429695334,3711.556,4.10120e14,2.8901,-4.57656e6,2.25572e6,-5.65893e-9
1490277570,27514507.998353362,23813054.62601021,3701.453,3.97773e14,0.2077,-4.49902e6,2.25188e6,-5.64931e-9
1490277600,27496007.280431747,23804752.049760427,3691.255,3.84318e14,3.5832,-4.41532e6,2.24796e6,-5.63950e-9
1490277630,27477502.26820351,23796541.01743939,3680.961,3.84686e14,3.4907,-4.40956e6,2.24396e6,-5.62950e-9
1490277660,27458993.272823554,23788421.842707135,3670.571,3.89809e14,2.2057,-4.43035e6,2.23989e6,-5.61932e-9
1490277690,27440480.60681235,23780394.83626327,3660.086,3.97735e14,0.2172,-4.46662e6,2.23575e6,-5.60894e-9
1490277720,27421964.584029306,23772460.305847988,3649.504,4.03057e14,1.1181,-4.48799e6,2.23153e6,-5.59836e-9
1490277750,27403445.519673467,23764618.55621187,3638.827,3.97034e14,0.3930,-4.44569e6,2.22723e6,-5.58760e-9
1490277780,27384923.730284203,23756869.889085945,3628.054,4.04670e14,1.5228,-4.47955e6,2.22285e6,-5.57664e-9
1490277810,27366399.533741843,23749214.603151795,3617.185,4.06397e14,1.9560,-4.48020e6,2.21840e6,-5.56550e-9
1490277840,27347873.249268103,23741652.99401197,3606.220,3.99155e14,0.1392,-4.43084e6,2.21387e6,-5.55415e-9
1490277870,27329345.197426558,23734185.35416046,3595.160,4.03065e14,1.1200,-4.44329e6,2.20926e6,-5.54261e-9
1490277900,27310815.700122893,23726811.972953614,3584.004,3.90751e14,1.9691,-4.36577e6,2.20457e6,-5.53088e-9
1490277930,27292285.08057113,23719533.1366034,3572.752,4.02218e14,0.9075,-4.41963e6,2.19981e6,-5.51895e-9
1490277960,27273753.66339857,23712349.128079418,3561.405,3.94960e14,0.9132,-4.36995e6,2.19497e6,-5.50683e-9
1490277990,27255221.774540763,23705260.227149896,3549.962,3.88603e14,2.5082,-4.32523e6,2.19005e6,-5.49451e-9
1490278020,27236689.74127511,23698266.71033096,3538.423,4.02980e14,1.0987,-4.39419e6,2.18505e6,-5.48200e-9
1490278050,27218157.892220415,23691368.850858744,3526.789,4.00994e14,0.6004,-4.37312e6,2.17998e6,-5.46929e-9
1490278080,27199626.557336334,23684566.91866172,3515.060,3.99127e14,0.1321,-4.35261e6,2.17482e6,-5.45638e-9
1490278110,27181096.06792272,23677861.180333294,3503.235,3.91002e14,1.9063,-4.29792e6,2.16959e6,-5.44327e-9
1490278140,27162566.75661882,23671251.89910468,3491.315,3.97422e14,0.2956,-4.32226e6,2.16427e6,-5.42996e-9
1490278170,27144038.95740255,23664739.334817946,3479.300,4.12571e14,3.5050,-4.39356e6,2.15888e6,-5.41646e-9
1490278200,27125513.005589437,23658323.743899457,3467.189,4.09882e14,2.8302,-4.36790e6,2.15341e6,-5.40276e-9
1490278230,27106989.237869482,23652005.37932092,3454.984,4.00902e14,0.5775,-4.30827e6,2.14786e6,-5.38886e-9
1490278260,27088467.992189642,23645784.49061217,3442.684,3.96193e14,0.6040,-4.27167e6,2.14223e6,-5.37476e-9
1490278290,27069949.607869197,23639661.323796317,3430.288,3.91584e14,1.7602,-4.23559e6,2.13652e6,-5.36046e-9
1490278320,27051434.425561085,23633636.121376812,3417.798,4.00016e14,0.3553,-4.26920e6,2.13073e6,-5.34596e-9
1490278350,27032922.787250858,23627709.12231213,3405.214,3.94325e14,1.0725,-4.22711e6,2.12486e6,-5.33126e-9
1490278380,27014415.036255453,23621880.561990738,3392.534,3.92358e14,1.5660,-4.20483e6,2.11892e6,-5.31636e-9
1490278410,26995911.517222025,23616150.672206424,3379.761,3.98198e14,0.1009,-4.22384e6,2.11289e6,-5.30126e-9
1490278440,26977412.57612652,23610519.681133874,3366.893,3.97061e14,0.3862,-4.20563e6,2.10678e6,-5.28595e-9
1490278470,26958918.56027224,23604987.813304566,3353.931,4.09739e14,2.7944,-4.26010e6,2.10059e6,-5.27045e-9
1490278500,26940429.81828819,23599555.28958302,3340.875,4.06061e14,1.8716,-4.22807e6,2.09432e6,-5.25475e-9
1490278530,26921946.700096995,23594222.327150825,3327.724,3.98609e14,0.0022,-4.17622e6,2.08797e6,-5.23884e-9
1490278560,26903469.557006847,23588989.13946044,3314.480,4.00325e14,0.4326,-4.17233e6,2.08154e6,-5.22273e-9
1490278590,26884998.741615616,23583855.936235752,3301.143,3.98084e14,0.1297,-4.14762e6,2.07503e6,-5.20642e-9
1490278620,26866534.607838932,23578822.923442043,3287.712,3.94209e14,1.1017,-4.11435e6,2.06844e6,-5.18991e-9
1490278650,26848077.510907643,23573890.303264048,3274.187,4.01385e14,0.6985,-4.13821e6,2.06177e6,-5.17320e-9
1490278680,26829627.80736525,23569058.27408423,3260.570,3.91694e14,1.7327,-4.07470e6,2.05501e6,-5.15628e-9
1490278710,26811185.85506515,23564327.030461494,3246.859,4.00185e14,0.3976,-4.10480e6,2.04818e6,-5.13916e-9
1490278740,26792752.01316779,23559696.763110247,3233.055,4.01440e14,0.7123,-4.09738e6,2.04127e6,-5.12184e-9
1490278770,26774326.642137576,23555167.658879757,3219.159,3.91921e14,1.6757,-4.03476e6,2.03427e6,-5.10432e-9
1490278800,26755910.10373978,23550739.90073396,3205.170,3.05004e14,23.4812,-3.57863e6,2.02720e6,-5.08659e-9
1490281980,24934231.574012365,26957226.51575389,2022.995,3.79070e14,4.8998,2.34087e6,-1.19998e6,3.00970e-9
1490282010,24919086.39059037,26975724.145579673,2056.638,3.47572e14,12.8019,2.28324e6,-1.21984e6,3.05951e-9
1490282040,24903995.16571811,26994226.731370408,2090.232,3.29863e14,17.2447,2.26528e6,-1.23966e6,3.10924e-9
1490282070,24888958.348069042,27012733.92539034,2123.776,3.40458e14,14.5865,2.33491e6,-1.25944e6,3.15888e-9
1490282100,24873976.38620758,27031245.381232854,2157.269,3.61141e14,9.3979,2.43788e6,-1.27919e6,3.20843e-9
1490282130,24859049.728545316,27049760.753822103,2190.711,3.55864e14,10.7215,2.45827e6,-1.29890e6,3.25790e-9
1490282160,24844178.823376168,27068279.699416764,2224.101,3.52801e14,11.4902,2.48538e6,-1.31858e6,3.30727e-9
1490282190,24829364.118791886,27086801.875604335,2257.438,3.59925e14,9.7029,2.54632e6,-1.33822e6,3.35654e-9
1490282220,24814606.06267611,27105326.941309478,2290.721,3.51057e14,11.9277,2.55342e6,-1.35782e6,3.40573e-9
1490282250,24799905.102679122,27123854.556792837,2323.949,3.40913e14,14.4724,2.55518e6,-1.37738e6,3.45482e-9
1490282280,24785261.686192088,27142384.383652184,2357.123,3.35062e14,15.9403,2.57090e6,-1.39691e6,3.50381e-9
1490282310,24770676.26032145,27160916.084823355,2390.240,3.38773e14,15.0094,2.61996e6,-1.41640e6,3.55271e-9
1490282340,24756149.271862783,27179449.324581232,2423.300,3.39845e14,14.7405,2.65979e6,-1.43584e6,3.60150e-9
1490282370,24741681.167274687,27197983.768540386,2456.303,3.26134e14,18.1803,2.64570e6,-1.45525e6,3.65019e-9
1490282400,24727272.392652314,27216519.083656,2489.247,3.33912e14,16.2289,2.70968e6,-1.47461e6,3.69879e-9
